AAR2,AASS,AATF,ABCC1,ACAD9,ACADM,ACSL3,ADAM9,ADAMTS1,AGPS,AKAP8,AKAP8L,AKAP9,ALG11,ALG5,ALG8,ANO6,AP2A2,AP2M1,AP3B1,ARF6,ARL6IP6,ATE1,ATP13A3,ATP1B1,ATP5L,ATP6AP1,ATP6V1A,BAG5,BCKDK,BCS1L,BRD2,BRD4,BZW2,C1orf50,CCDC86,CDK5RAP2,CENPF,CEP112,CEP135,CEP250,CEP350,CEP68,CHMP2A,CHPF,CHPF2,CISD3,CIT,CLCC1,CLIP4,CNTRL,COL6A1,COLGALT1,COMT,COQ8B,CRTC3,CSDE1,CSNK2A2,CSNK2B,CUL2,CWC27,CYB5B,CYB5R3,DCAF7,DCAKD,DCTPP1,DDX10,DDX21,DNAJC11,DNAJC19,DNMT1,DPH5,DPY19L1,ECSIT,EDEM3,EIF4E2,EIF4H,ELOB,ELOC,EMC1,ERC1,ERGIC1,ERLEC1,ERMP1,ERO1B,ERP44,ETFA,EXOSC2,EXOSC3,EXOSC5,EXOSC8,F2RL1,FAM162A,FAM8A1,FAM98A,FAR2,FASTKD5,FBLN5,FBN1,FBN2,FBXL12,FKBP10,FKBP15,FKBP7,FOXRED2,FYCO1,G3BP1,G3BP2,GCC1,GCC2,GDF15,GFER,GGCX,GGH,GHITM,GIGYF2,GLA,GNB1,GNG5,GOLGA2,GOLGA3,GOLGA7,GOLGB1,GORASP1,GPAA1,GPX1,GRIPAP1,GRPEL1,GTF2F2,HDAC2,HEATR3,HECTD1,HMOX1,HOOK1,HS2ST1,HS6ST2,HSBP1,HYOU1,IDE,IL17RA,IMPDH2,INHBE,INTS4,ITGB1,JAKMIP1,LARP1,LARP4B,LARP7,LMAN2,LOX,MAP7D1,MARK1,MARK2,MARK3,MAT2B,MDN1,MEPCE,MFGE8,MIB1,MIPOL1,MOGS,MOV10,MPHOSPH10,MRPS2,MRPS25,MRPS27,MRPS5,MTCH1,MYCBP2,NARS2,NAT14,NDFIP2,NDUFAF1,NDUFAF2,NDUFB9,NEK9,NEU1,NGDN,NGLY1,NIN,NINL,NLRX1,NOL10,NPC2,NPTX1,NSD2,NUP210,NUP214,NUP54,NUP58,NUP62,NUP88,NUP98,NUTF2,OS9,PABPC1,PABPC4,PCNT,PCSK6,PDE4DIP,PDZD11,PIGO,PIGS,PITRM1,PKP2,PLAT,PLD3,PLEKHA5,PLEKHF2,PLOD2,PMPCA,PMPCB,POFUT1,POGLUT2,POGLUT3,POLA1,POLA2,POR,PPIL3,PPT1,PRIM1,PRIM2,PRKACA,PRKAR2A,PRKAR2B,PRRC2B,PSMD8,PTBP2,PTGES2,PUSL1,PVR,QSOX2,RAB10,RAB14,RAB18,RAB1A,RAB2A,RAB5C,RAB7A,RAB8A,RAE1,RALA,RAP1GDS1,RBM28,RBM41,RBX1,RDX,REEP5,REEP6,RETREG3,RHOA,RIPK1,RNF41,RPL36,RRP9,RTN4,SAAL1,SBNO1,SCAP,SCARB1,SCCPDH,SDF2,SELENOS,SEPSECS,SIGMAR1,SIL1,SIRT5,SLC25A21,SLC27A2,SLC30A6,SLC30A7,SLC30A9,SLC44A2,SLC9A3R1,SLU7,SMOC1,SNIP1,SPART,SRP19,SRP54,SRP72,STC2,STOM,STOML2,SUN2,TAPT1,TARS2,TBCA,TBK1,TBKBP1,TCF12,THTPA,TIMM10,TIMM10B,TIMM29,TIMM8B,TIMM9,TLE1,TLE3,TLE5,TM2D3,TMED5,TMEM39B,TMEM97,TOMM70,TOR1A,TOR1AIP1,TRIM59,TRMT1,TUBGCP2,TUBGCP3,TYSND1,UBAP2,UBAP2L,UBXN8,UGGT2,UPF1,USP13,USP54,VPS11,VPS39,WASHC4,WFS1,YIF1A,ZC3H18,ZC3H7A,ZDHHC5,ZNF318,ZNF503,ZYG11B
Esophagus_Muscularis,1,6,10,1,25,12,37,18,14,12,21,24,25,25,32,36,2,16,9,20,25,29,10,20,36,13,40,45,20,13,23,24,24,7,26,17,24,29,8,24,21,22,12,16,30,24,12,27,15,14,23,5,12,28,19,8,4,11,26,10,11,31,13,16,25,30,23,24,19,14,26,14,30,8,26,13,12,17,21,27,5,22,29,43,26,29,9,24,23,33,24,45,17,14,5,9,21,19,7,4,11,19,27,18,41,7,27,9,25,24,29,11,24,46,17,20,30,19,21,24,21,27,20,8,25,21,28,19,25,23,26,15,32,46,39,36,33,32,7,32,24,30,29,5,27,27,29,5,32,17,5,10,26,21,22,23,20,9,20,18,33,25,28,17,10,16,18,27,28,32,24,48,17,4,14,6,31,23,31,22,27,5,23,32,13,17,31,25,23,26,19,23,23,10,26,22,21,23,26,19,26,31,21,11,46,16,31,3,18,10,20,20,17,12,17,9,6,31,36,30,32,20,17,7,4,14,19,4,25,23,15,25,15,32,23,26,25,15,24,28,22,21,27,25,17,26,13,35,44,25,15,17,11,29,28,22,21,12,26,37,28,25,29,30,13,28,30,10,36,25,25,29,31,45,21,44,15,11,22,22,26,9,6,6,7,21,31,23,23,18,11,22,22,10,19,18,16,12,27,8,26,17,25,24,12,23,3,30,25,23,22,28,16,21,43,13,15,23,20,18,17,24,10,16,16,16,20,24,3,14
Artery_Tibial,2,4,3,25,21,10,14,4,2,6,9,15,22,15,19,25,4,21,8,5,16,19,4,4,48,15,21,44,8,14,29,10,2,22,7,19,3,34,12,13,25,7,8,2,10,11,14,44,8,20,17,9,10,13,20,1,2,10,9,8,5,22,2,15,21,31,8,14,24,1,27,22,13,19,8,19,3,6,7,12,3,13,5,45,12,6,18,22,14,26,12,22,30,3,16,38,28,4,10,44,4,7,21,6,37,2,16,6,32,10,12,20,22,36,10,9,23,7,8,11,10,15,5,16,15,19,35,13,14,7,35,11,30,43,26,44,38,13,11,25,19,28,12,3,46,9,24,2,24,4,9,2,24,22,8,14,21,3,1,4,27,31,10,35,35,5,24,21,6,18,43,39,27,2,20,10,25,7,21,7,40,14,12,16,29,13,48,10,8,15,10,6,8,3,9,13,10,12,47,7,17,28,10,3,47,24,19,15,15,5,28,4,6,6,6,5,29,24,24,12,31,8,5,3,36,8,10,8,42,30,6,34,9,10,3,5,1,6,7,8,21,40,17,23,9,16,7,3,46,33,1,11,4,20,20,10,11,13,19,43,20,18,7,22,7,9,28,5,45,18,22,11,3,40,2,2,28,2,16,11,3,17,10,12,1,4,36,4,9,35,5,28,7,3,12,24,7,11,16,38,7,12,17,33,5,4,1,34,29,18,8,31,23,9,44,1,10,9,32,6,11,8,4,12,12,2,18,13,17,8
Esophagus_Gastroesophageal_Junction,3,5,13,5,24,20,36,16,12,19,20,19,18,24,30,38,8,13,13,25,24,28,13,22,33,10,37,43,21,10,19,20,21,15,22,15,20,31,14,23,19,23,13,15,25,16,11,29,12,12,21,4,14,26,18,7,5,15,23,15,13,32,11,17,24,33,20,23,22,11,25,17,24,10,24,17,11,12,25,25,9,12,23,42,23,27,12,15,19,38,20,44,15,12,8,20,17,17,5,6,5,17,25,13,34,6,26,11,22,23,27,13,21,44,20,19,27,21,20,23,22,31,18,13,20,18,24,25,26,22,28,13,31,42,36,31,34,33,17,31,21,27,27,7,28,25,30,7,31,18,7,8,27,16,20,20,16,11,19,15,31,23,21,16,12,17,19,25,27,34,23,46,29,3,19,5,29,21,33,21,23,6,24,29,16,18,28,22,17,28,21,25,22,11,23,24,25,22,20,15,27,29,22,12,45,15,25,6,19,7,18,16,15,13,15,13,7,27,32,26,30,23,16,12,3,13,20,3,28,21,16,23,17,30,24,24,27,16,21,25,20,23,31,21,19,27,14,33,42,21,13,15,13,19,25,23,22,17,22,38,24,22,28,27,10,25,31,11,34,24,26,28,27,44,19,42,12,12,24,24,25,12,7,9,5,18,30,18,25,20,8,23,30,8,18,19,15,15,29,10,19,18,23,22,17,24,2,28,24,19,20,30,21,20,39,14,17,21,11,10,15,21,7,17,15,15,23,21,4,16
Uterus,4,3,7,15,3,27,23,9,9,4,1,9,8,3,8,10,3,5,7,12,18,9,3,11,16,16,18,30,15,6,3,2,1,21,9,12,11,15,5,2,7,8,2,12,11,8,22,39,1,16,6,3,8,12,3,5,10,6,8,5,4,7,9,7,7,18,3,13,8,10,8,5,5,7,11,6,5,18,20,5,10,8,7,17,15,8,27,6,6,17,4,41,19,1,10,19,14,5,16,7,1,4,8,3,9,8,4,13,5,11,24,9,4,28,25,4,7,11,11,10,4,16,8,2,2,22,13,28,9,4,10,9,25,39,6,11,17,8,8,12,4,17,4,8,36,4,13,3,7,16,20,17,15,7,7,9,7,4,3,5,12,6,4,5,8,4,5,15,18,4,7,43,15,13,29,2,10,1,17,9,10,7,6,11,25,19,45,4,2,10,4,12,5,7,10,12,7,7,41,31,19,5,18,6,25,2,11,4,22,8,9,3,4,2,2,4,5,19,9,5,8,4,14,14,18,4,17,2,15,5,10,10,13,8,12,7,12,9,8,7,7,10,24,3,5,12,15,19,32,8,9,7,10,7,5,26,4,6,5,14,17,6,19,10,3,8,18,3,35,3,10,10,22,42,13,36,3,3,6,10,5,27,12,4,6,2,15,6,5,9,2,2,24,1,3,29,4,2,20,3,5,22,1,12,6,2,7,15,2,5,3,16,9,5,9,6,5,12,28,1,2,6,2,6,5,10,10,3,2,4
Colon_Sigmoid,5,16,15,11,22,18,28,10,16,9,13,13,20,22,26,33,12,11,14,23,22,27,2,27,27,6,38,41,25,16,20,17,17,13,17,23,12,26,16,18,16,20,10,17,41,26,6,23,17,9,22,2,11,21,17,9,3,8,21,6,10,25,18,23,30,27,15,25,17,9,24,13,23,6,23,9,10,10,24,23,8,17,24,40,20,26,15,18,17,24,18,42,9,8,21,11,25,16,17,22,7,18,23,11,35,3,24,12,31,16,25,6,20,40,16,22,20,17,25,21,17,25,25,12,29,26,21,29,5,11,18,23,29,41,28,34,26,37,14,33,16,33,16,9,21,22,31,9,30,19,2,15,25,15,18,19,17,21,16,17,29,20,17,9,6,21,12,23,25,31,17,44,18,6,12,4,23,16,26,23,9,8,18,28,6,9,27,23,14,22,12,28,19,13,27,16,12,15,42,37,24,32,25,19,36,4,28,28,24,12,21,12,12,11,14,8,18,28,28,16,24,7,18,13,20,15,25,1,24,22,23,24,18,27,15,23,20,20,25,27,17,22,25,18,12,30,17,31,37,19,18,13,14,21,24,29,9,15,21,39,8,17,31,26,18,24,32,6,41,22,27,27,30,46,20,45,17,9,18,28,21,15,5,7,12,15,34,12,19,15,19,25,37,5,15,12,6,7,9,5,15,27,18,19,9,18,4,19,20,15,21,26,22,19,38,17,19,20,22,21,18,18,13,18,14,17,26,16,8,5
Nerve_Tibial,6,1,5,28,5,21,27,15,6,5,2,7,3,6,1,4,17,4,11,9,19,4,9,8,44,41,13,27,5,7,5,7,8,11,3,6,4,19,2,8,11,3,7,6,15,27,20,9,4,1,4,16,4,1,2,3,13,9,6,9,7,8,6,5,4,8,6,10,10,8,6,7,12,22,6,23,8,3,18,8,7,24,10,18,11,11,19,7,5,5,5,43,36,7,18,22,34,8,8,9,8,8,5,7,19,10,7,32,8,6,18,15,9,22,36,6,8,13,14,14,12,6,6,7,4,13,11,14,1,8,8,5,24,37,7,29,18,10,19,10,9,6,2,13,32,6,10,6,15,9,14,14,17,9,23,3,8,8,7,7,11,9,5,18,9,6,7,5,9,8,18,17,9,11,40,3,19,2,12,14,19,12,4,5,36,12,38,6,6,9,15,11,7,8,8,19,17,11,24,11,23,4,5,10,6,1,14,26,12,21,6,10,5,7,8,2,16,15,5,11,12,11,25,9,17,6,16,5,26,20,4,12,8,4,22,17,10,8,2,15,10,6,3,1,7,5,4,8,27,15,4,10,15,15,3,27,5,11,10,9,3,12,3,3,5,12,15,13,43,5,4,5,1,15,8,13,7,5,17,7,6,22,8,13,4,5,6,7,7,17,3,4,8,9,10,15,9,1,10,6,13,14,9,9,19,7,11,45,5,7,5,17,3,6,7,4,12,15,4,4,6,3,15,4,6,4,15,8,10,11
Artery_Coronary,7,8,14,14,20,15,17,5,4,10,22,23,27,16,14,13,10,14,16,13,13,17,18,6,42,20,16,36,19,11,17,16,12,25,13,14,5,20,11,12,32,14,16,7,5,5,8,36,10,17,18,8,6,10,14,4,9,18,16,13,12,14,3,25,28,21,18,11,27,7,20,15,10,26,3,12,18,8,9,9,11,16,4,35,14,7,20,23,12,23,15,16,40,10,9,26,16,3,2,26,12,3,18,5,38,5,13,16,24,18,23,23,11,31,18,17,15,10,5,16,8,18,7,18,9,9,32,17,15,13,15,19,17,44,25,32,21,11,16,11,23,18,18,4,35,18,26,12,16,5,10,7,29,23,13,17,27,2,8,10,18,27,15,30,36,15,25,19,14,24,34,38,22,7,30,14,21,19,18,13,36,16,19,6,39,23,41,20,16,18,23,17,20,6,3,18,14,25,34,9,10,23,14,7,22,5,10,32,13,6,26,11,8,5,5,16,26,23,17,7,27,19,13,5,32,18,13,16,32,25,7,19,12,13,13,4,6,10,9,14,25,31,21,22,20,8,12,6,39,30,3,16,8,17,18,11,17,18,24,35,19,13,5,17,8,7,33,24,44,8,16,16,6,43,11,14,23,10,7,12,11,11,11,20,3,16,27,9,17,27,12,17,5,12,20,10,11,17,25,24,12,6,14,38,15,6,8,14,19,21,18,27,27,17,18,5,25,19,37,16,12,9,9,7,24,9,21,15,19,15
Skin_Sun_Exposed_Lower_leg,8,26,4,21,2,48,39,28,25,29,7,16,11,27,27,27,24,27,33,14,4,8,27,31,26,38,12,13,3,3,18,19,4,6,29,8,14,7,31,20,13,12,17,8,26,21,37,30,29,6,28,20,19,15,16,18,21,2,2,21,27,24,16,28,11,9,12,9,12,47,18,23,43,21,36,34,6,27,41,20,15,30,34,11,39,24,25,14,28,2,25,2,13,18,29,33,23,18,20,33,26,22,6,24,16,12,12,38,6,34,28,33,28,7,42,7,19,30,29,2,19,14,15,24,19,33,25,9,3,14,22,10,5,5,23,38,42,42,1,9,5,38,20,27,44,12,5,32,26,10,11,36,3,34,29,11,11,17,23,27,17,12,22,8,27,10,39,17,2,20,38,2,43,44,36,30,24,11,28,17,44,2,5,20,22,37,29,9,18,21,17,15,13,26,17,9,28,19,6,32,35,19,6,26,18,42,33,7,3,43,12,14,19,28,21,10,19,17,20,40,11,12,32,16,39,11,6,33,33,1,36,15,5,2,7,30,26,21,11,6,5,12,29,12,26,19,40,29,26,4,20,1,32,4,12,20,24,23,7,13,38,20,22,9,12,21,38,27,25,14,15,31,12,16,24,32,9,30,39,18,7,8,17,11,17,37,11,42,28,39,21,42,25,24,4,14,21,23,2,30,34,39,19,18,26,22,28,18,22,12,9,2,4,12,40,27,7,29,8,17,10,23,24,26,21,25,2,19,29,32
Artery_Aorta,9,9,8,2,19,28,5,3,3,15,25,18,26,8,18,20,1,15,10,7,10,20,19,5,43,25,8,40,11,12,27,15,7,29,18,24,1,28,10,10,20,19,18,3,1,3,13,43,5,21,16,7,9,7,11,6,8,20,11,22,8,23,1,27,16,19,17,15,31,6,23,34,8,27,4,7,7,4,8,7,4,3,2,37,13,5,21,25,10,28,17,17,26,6,6,37,20,1,3,19,3,2,16,4,36,4,18,10,28,22,7,19,15,27,15,13,12,8,4,4,3,11,9,15,5,11,26,26,17,10,24,24,15,40,30,43,25,6,15,8,25,12,15,2,39,15,27,11,9,2,8,11,21,24,10,24,26,1,2,8,16,29,14,33,43,13,27,12,19,21,29,42,31,5,28,9,18,15,19,11,5,11,22,4,34,20,42,21,15,17,20,8,15,2,2,25,23,18,44,8,8,26,9,2,37,10,3,18,10,3,31,8,2,4,1,17,27,22,12,3,29,15,8,6,45,9,9,19,36,27,5,22,11,9,6,2,3,5,6,13,27,42,19,24,21,11,18,4,40,27,2,22,5,22,26,8,15,20,17,41,32,7,2,28,4,6,45,29,42,12,21,19,7,39,9,19,13,8,8,6,12,20,9,26,2,9,29,13,15,26,9,16,6,4,16,25,18,3,23,18,8,9,8,37,16,3,5,10,28,17,19,24,28,16,33,3,20,24,38,14,9,14,3,3,19,3,13,14,6,13
Cells_Cultured_fibroblasts,10,14,2,4,10,34,3,1,8,1,23,42,29,1,2,2,11,20,1,1,6,2,22,1,46,9,26,21,9,1,6,28,28,3,19,2,6,2,19,4,6,4,32,11,6,1,5,17,3,11,24,1,1,3,31,25,6,7,7,2,2,3,5,2,27,3,4,2,1,17,5,1,2,41,1,1,2,2,2,1,6,1,3,21,43,2,6,2,3,4,7,32,27,21,1,6,6,2,1,1,6,1,13,2,8,23,2,3,2,1,6,17,2,1,7,2,11,4,7,7,2,8,14,27,3,2,43,2,4,2,4,6,2,49,3,46,3,5,5,4,2,7,7,1,49,1,8,4,1,1,21,45,39,14,6,8,9,13,6,11,4,24,2,1,20,2,4,29,10,3,13,8,3,1,24,7,7,24,7,2,28,21,1,18,31,5,49,13,1,5,3,4,2,1,1,3,2,9,49,4,1,6,2,5,49,7,16,21,28,1,3,5,1,1,3,7,8,21,2,8,3,1,24,4,46,7,1,38,18,6,1,8,3,11,10,1,2,1,1,2,6,2,6,6,6,2,3,23,35,18,5,12,7,5,2,2,3,5,18,36,7,2,4,18,1,2,39,15,46,1,2,2,33,38,6,29,2,4,4,3,1,1,15,2,30,45,5,3,3,30,1,9,2,14,5,3,3,46,21,42,28,3,3,5,4,1,10,2,10,16,12,25,11,1,3,2,21,11,43,24,20,2,36,1,7,7,4,11,13,7
Adipose_Subcutaneous,11,7,12,19,18,29,33,7,7,8,5,20,16,12,9,11,5,12,21,11,14,10,6,10,47,34,29,28,6,24,24,18,19,16,16,9,27,17,3,16,31,10,3,14,44,25,18,34,13,22,12,11,5,19,27,11,11,12,15,11,19,6,4,20,31,16,13,5,23,19,13,19,14,28,15,25,15,32,19,17,14,19,14,36,19,10,11,21,20,21,14,39,43,13,22,8,31,10,4,39,14,15,12,14,30,17,11,26,11,20,8,26,17,21,26,15,14,14,15,17,26,20,12,17,18,8,31,15,22,21,16,14,14,47,10,42,39,34,21,5,12,29,17,6,38,16,18,13,29,3,19,12,33,25,17,22,15,10,13,21,24,18,12,26,23,18,28,26,4,14,40,32,24,15,32,20,15,14,16,10,30,19,8,7,43,25,46,8,9,19,24,19,11,25,12,10,9,27,38,17,29,25,20,20,12,21,17,25,11,9,25,18,10,17,9,15,23,13,23,29,18,13,19,11,2,20,4,10,45,29,28,29,19,15,20,10,5,3,4,20,19,8,28,4,27,23,11,18,31,24,6,2,18,16,13,6,12,27,28,6,10,21,13,11,20,17,17,17,30,7,9,23,13,37,12,11,24,7,19,23,10,16,3,19,8,22,21,15,11,25,6,18,9,23,29,23,5,10,15,23,22,5,12,30,13,12,12,42,21,26,10,15,20,13,13,7,23,8,39,11,21,4,14,14,17,11,17,17,16,12
Skin_Not_Sun_Exposed_Suprapubic,12,25,9,24,1,46,38,30,28,33,12,21,7,26,28,28,26,29,38,17,3,5,33,32,32,37,19,14,4,5,12,22,5,5,30,11,19,6,35,19,12,16,19,9,33,22,42,31,28,5,25,24,20,11,21,23,23,3,3,27,24,27,20,34,20,11,14,7,18,45,19,16,42,23,33,27,14,39,40,21,21,32,35,8,41,28,26,12,30,3,23,1,14,25,37,31,15,24,26,25,27,25,9,27,18,20,8,36,9,36,33,40,26,10,44,8,21,33,28,5,20,19,19,28,22,34,19,10,2,16,20,12,7,4,27,33,40,40,2,13,6,36,22,29,42,20,6,29,23,13,18,38,2,31,28,10,13,23,25,26,15,8,18,7,24,9,36,22,7,23,39,1,47,41,43,29,26,12,30,18,42,3,10,24,23,30,26,14,21,20,26,18,18,24,20,8,31,16,9,30,33,21,11,29,21,41,35,9,2,46,13,19,23,32,23,12,22,16,19,41,9,16,33,21,44,12,7,34,30,2,35,11,6,1,8,29,30,26,19,10,8,14,33,17,23,20,46,28,23,7,24,3,37,3,10,21,25,22,6,12,39,24,25,12,11,19,35,33,21,16,18,35,15,21,26,35,10,32,35,20,8,19,22,15,21,39,19,37,29,42,22,40,36,27,6,11,20,21,4,35,35,34,20,14,27,26,31,13,18,14,13,3,7,15,36,32,16,32,10,25,13,25,30,29,23,28,3,22,31,34
Testis,13,27,11,9,14,14,19,33,32,7,19,3,32,5,22,1,29,10,29,27,27,3,14,35,35,44,28,11,1,35,34,3,6,34,1,1,2,3,1,1,1,1,26,33,4,30,40,14,34,13,1,33,27,25,9,14,20,1,1,1,3,34,22,3,17,36,1,19,9,46,2,20,3,40,31,3,33,1,1,10,23,35,8,9,3,30,34,33,2,12,2,27,31,2,2,15,4,23,22,2,23,26,33,9,11,35,19,7,1,14,31,3,32,2,3,1,35,41,9,18,15,17,17,3,11,39,14,3,7,1,6,21,19,1,18,12,4,1,4,35,31,9,23,32,14,10,4,23,3,29,44,5,18,4,30,6,1,30,12,1,14,1,26,37,4,31,15,40,22,13,21,19,1,10,4,13,40,8,1,47,7,35,2,19,15,2,7,1,12,2,2,1,1,4,37,7,6,2,5,44,45,2,12,4,14,23,38,13,7,38,2,9,25,35,35,22,2,18,4,38,2,5,12,2,10,32,3,6,38,7,18,7,42,31,30,16,33,40,43,19,1,34,15,5,1,28,19,47,1,1,33,33,25,32,16,42,2,1,3,10,1,23,1,6,29,1,9,1,20,23,32,39,4,28,4,1,1,20,9,2,23,31,45,21,31,1,4,28,2,8,24,1,3,25,1,7,12,14,7,46,16,28,2,1,30,39,18,3,16,2,4,1,1,4,2,9,3,10,23,23,19,31,12,13,1,32,6,2,40,18
Prostate,14,15,24,10,15,42,7,23,15,31,11,6,15,20,16,15,20,19,18,29,20,21,12,23,39,24,20,34,26,9,1,14,15,26,6,5,15,25,17,21,9,26,20,22,9,12,10,38,11,24,19,13,24,14,6,15,19,22,22,30,22,11,17,12,5,6,21,29,25,15,22,9,28,12,22,22,24,16,37,19,18,5,13,19,18,22,31,8,9,19,10,18,11,22,24,36,29,20,19,12,9,11,14,17,25,15,20,19,19,8,2,7,16,41,47,24,24,35,24,12,11,33,1,5,7,12,15,35,18,24,21,28,37,19,29,19,14,16,9,14,13,8,11,20,17,29,12,17,17,20,24,30,8,13,19,27,14,19,17,3,7,2,11,6,13,14,23,8,29,11,19,26,36,18,42,15,6,18,10,27,8,10,16,21,24,24,12,24,20,11,14,20,14,27,19,17,24,29,39,42,18,8,24,14,9,12,21,10,25,24,14,15,20,18,13,21,14,20,15,27,23,3,30,23,23,21,22,17,13,9,13,17,28,19,18,22,21,25,29,23,18,39,39,16,16,25,28,21,5,6,27,19,6,8,11,32,14,10,14,23,11,10,17,19,16,13,19,9,11,17,12,20,21,19,27,6,11,21,5,17,27,13,18,23,19,23,22,16,16,12,15,7,20,11,13,13,13,13,3,12,24,24,10,25,29,17,14,22,4,8,24,7,15,18,17,18,6,26,9,12,5,19,17,9,20,18,12,12,9,24
Ovary,15,2,6,17,8,11,32,22,1,25,4,10,1,4,11,7,7,17,15,26,29,6,16,17,25,8,14,38,31,8,4,4,3,24,5,16,8,11,13,5,8,6,5,23,2,15,34,42,2,4,5,6,13,5,5,2,12,5,5,17,6,16,10,13,2,28,5,16,4,3,15,2,19,3,27,14,9,37,33,3,19,15,12,15,10,16,32,4,4,7,3,31,5,4,14,45,13,12,6,17,2,6,10,1,4,9,3,23,7,2,26,34,6,37,37,5,10,20,30,9,6,24,4,21,6,27,10,18,10,5,33,8,3,36,4,1,8,12,24,16,1,35,3,14,25,5,14,10,11,15,40,39,23,3,5,5,4,5,4,2,13,3,3,4,5,3,6,7,8,2,14,41,11,9,46,1,12,3,13,15,1,32,13,3,35,31,43,7,4,3,9,16,3,21,4,4,5,10,15,43,25,3,26,1,5,20,5,2,26,11,11,2,3,3,4,3,4,7,3,13,6,6,1,17,6,3,32,11,34,14,11,9,23,17,16,18,28,14,15,11,9,15,38,2,11,38,5,24,19,10,14,28,20,1,4,31,6,8,4,3,16,3,20,4,6,16,6,4,39,4,17,9,34,41,16,43,5,1,28,13,4,40,25,5,9,12,9,2,14,1,4,3,34,2,23,32,2,9,17,13,4,13,5,8,10,15,6,26,3,1,2,13,8,3,1,11,11,6,30,5,22,7,1,10,10,6,19,7,1,10
Breast_Mammary_Tissue,16,10,17,22,17,24,21,21,11,17,8,17,14,14,6,8,13,22,26,15,15,11,17,13,40,27,27,29,12,20,14,21,18,14,20,13,26,16,7,15,34,21,6,21,28,20,19,37,19,27,15,15,15,17,23,13,14,19,17,20,20,13,7,26,26,5,10,6,21,16,12,12,20,20,18,29,22,36,30,16,20,25,16,28,21,13,13,13,16,14,9,21,44,19,38,18,30,11,15,35,17,13,19,10,28,21,14,29,12,13,11,24,14,20,35,16,13,22,18,19,28,21,11,9,16,10,29,12,19,20,23,17,23,25,17,26,27,23,23,7,10,31,14,12,40,24,19,15,19,6,23,21,22,26,15,18,24,7,15,13,20,15,13,13,22,19,26,24,13,12,32,29,23,17,33,21,11,9,14,19,22,20,11,10,41,28,32,12,13,16,27,14,10,32,13,11,16,30,30,28,28,16,19,22,11,13,23,17,6,14,22,13,11,16,12,11,20,14,18,20,15,14,23,19,7,19,12,15,41,19,24,21,25,16,21,13,14,7,14,24,16,11,34,10,22,24,20,15,6,23,11,8,23,9,6,18,10,29,25,5,30,15,16,14,17,20,16,16,27,11,13,24,11,26,14,24,19,13,11,21,13,2,4,18,11,19,20,14,13,24,13,10,11,21,28,22,8,8,18,27,23,11,16,29,22,13,15,37,11,25,17,12,17,14,15,12,24,14,34,19,26,12,16,15,22,12,16,20,22,25
Thyroid,17,17,20,3,4,16,25,12,13,26,6,4,6,7,3,6,19,24,23,4,21,16,5,2,6,12,7,12,7,19,2,1,11,8,15,22,13,27,9,11,15,17,15,4,8,10,7,33,7,2,13,23,25,23,4,10,17,14,10,18,16,10,19,9,3,13,16,17,16,13,14,8,21,13,9,10,20,20,35,14,13,7,6,2,4,3,30,11,8,22,8,11,33,11,13,30,12,14,11,10,10,9,7,12,26,11,15,14,14,5,17,10,5,43,29,11,17,28,10,6,13,35,3,1,1,15,7,33,16,15,30,3,27,9,14,37,2,3,12,18,17,22,5,15,23,3,3,8,2,11,30,18,9,6,2,7,3,20,11,6,1,7,7,10,1,7,8,1,21,6,11,28,13,25,16,8,2,5,9,26,4,9,9,2,32,7,8,5,11,7,22,3,9,28,7,26,20,17,32,33,12,1,7,8,42,11,20,12,21,2,7,6,7,14,16,24,15,3,8,25,19,21,27,18,37,10,24,14,9,16,9,6,14,12,5,6,13,4,13,22,15,26,35,8,2,7,6,2,25,14,16,5,17,26,9,33,13,7,9,24,14,5,9,5,19,4,3,12,13,6,5,8,9,33,10,23,16,14,3,9,14,7,14,14,24,3,10,10,18,16,16,6,15,6,21,20,17,16,14,7,6,10,6,43,21,8,9,24,6,4,14,5,5,8,4,8,4,5,3,8,1,13,6,5,9,5,7,5,20,9
Lung,18,11,18,8,23,41,8,2,10,16,15,12,13,11,10,19,6,7,20,16,9,12,21,7,28,28,4,18,18,27,21,12,9,18,32,25,25,13,15,7,27,18,24,13,12,9,23,22,18,10,7,17,3,9,12,12,15,13,13,19,21,4,15,4,37,25,24,4,20,32,7,18,6,30,5,18,19,28,16,15,22,6,9,16,16,4,23,17,22,42,13,12,46,15,32,7,11,6,12,24,16,12,2,15,29,16,6,17,17,9,3,21,3,18,32,18,1,12,3,15,14,29,22,6,14,4,9,22,21,18,7,20,4,23,15,30,19,9,22,3,18,23,13,10,22,21,2,22,6,8,15,32,14,5,11,16,18,14,18,20,6,11,25,29,16,27,10,6,23,19,26,20,38,29,37,23,5,20,8,12,14,23,21,1,21,11,10,18,22,6,18,26,6,14,6,14,13,26,25,18,34,12,13,17,30,9,7,19,5,16,19,27,14,10,10,18,11,5,16,6,16,22,26,20,25,16,18,24,40,18,2,14,20,7,27,3,16,2,3,9,26,3,26,19,18,10,10,20,38,16,7,9,16,24,14,16,26,21,23,28,33,8,6,13,25,10,21,23,19,9,1,22,5,32,18,40,20,17,12,8,15,5,1,32,10,11,23,21,4,21,14,13,31,15,22,28,26,27,11,15,18,4,13,10,35,9,16,21,12,11,16,23,13,7,12,15,14,16,13,15,16,10,11,11,11,8,9,18,11,23
Cells_EBV.transformed_lymphocytes,19,48,1,6,11,1,29,27,49,2,17,25,19,2,7,3,15,42,41,2,2,1,15,3,38,1,43,8,17,2,9,11,16,49,2,3,7,1,48,3,5,2,34,10,46,7,47,10,6,26,2,48,26,29,24,22,7,4,4,3,1,2,35,1,18,1,2,1,2,20,1,3,39,29,21,2,1,38,3,4,48,14,21,6,6,1,1,1,1,1,1,46,1,46,3,14,1,49,31,42,13,48,3,32,10,32,1,1,3,3,10,14,36,3,6,3,2,9,1,28,9,12,23,43,31,6,8,4,6,3,5,26,16,15,1,49,44,2,6,22,3,2,1,33,16,2,1,1,5,48,42,48,19,17,1,4,10,49,5,48,5,13,1,2,15,1,2,45,1,1,27,15,5,12,27,11,30,13,2,1,48,15,3,31,33,1,1,3,3,1,1,2,4,5,29,1,3,5,48,47,9,7,1,23,39,48,46,49,1,48,1,1,9,9,20,1,1,33,1,19,1,2,45,27,49,5,5,39,8,13,49,4,10,25,41,20,45,36,17,1,3,7,22,14,3,1,9,44,49,13,8,35,24,2,1,44,1,3,33,4,15,27,27,8,31,14,8,49,24,2,3,7,18,29,3,47,4,47,2,1,2,3,47,1,27,42,1,1,1,48,10,8,1,7,2,4,1,49,12,25,10,1,4,3,1,5,23,1,13,22,1,10,2,2,20,21,18,22,45,29,14,1,48,24,4,1,8,1,48,42
Adipose_Visceral_Omentum,20,12,22,20,26,25,34,13,5,13,26,28,30,21,12,9,9,18,24,18,12,15,23,9,45,21,35,31,13,22,30,25,26,20,31,7,32,21,4,14,42,25,11,29,27,28,15,40,20,25,20,14,7,24,29,16,16,17,24,24,23,15,8,32,39,20,19,3,33,25,21,21,11,31,12,31,25,40,13,18,24,26,20,30,25,12,7,20,21,25,22,28,45,27,25,16,18,7,9,31,20,14,24,16,32,22,10,30,26,28,16,38,10,24,31,30,6,24,12,25,29,26,29,26,26,3,33,5,29,26,12,27,8,33,11,35,29,28,27,6,15,42,26,11,29,26,32,19,22,7,22,22,35,20,27,31,25,12,21,22,30,21,19,24,26,24,21,30,17,22,41,30,34,14,38,24,13,22,20,24,29,24,15,9,37,34,39,28,19,14,30,24,16,31,16,15,11,37,31,27,31,27,27,28,19,3,27,33,17,4,30,28,21,8,11,23,30,12,30,23,22,26,22,24,1,28,8,28,44,31,14,18,24,20,31,8,11,11,10,26,28,13,37,15,29,34,16,26,33,31,12,14,19,14,8,7,28,33,31,7,26,19,8,31,21,15,27,20,14,13,11,41,17,35,31,37,26,16,14,29,18,10,2,25,16,32,38,17,24,22,20,19,12,26,32,17,10,6,24,37,29,2,21,32,23,14,17,40,14,31,26,21,29,24,11,16,29,13,42,30,30,15,18,20,26,20,14,27,15,26
Adrenal_Gland,21,31,30,23,16,4,22,19,24,21,30,14,21,17,13,5,21,34,4,22,28,25,24,21,29,4,11,7,35,4,11,30,30,28,27,10,30,12,30,33,35,33,44,5,18,6,3,19,22,43,33,31,30,2,13,28,31,29,27,23,32,1,12,29,6,23,31,26,5,2,31,4,18,18,25,30,29,31,17,30,25,2,15,5,31,25,3,30,15,9,32,23,8,32,17,41,3,21,25,3,31,16,30,26,15,28,29,31,23,26,21,29,19,29,2,25,5,39,33,30,32,41,13,33,8,7,22,1,13,25,13,18,11,20,2,27,15,31,18,20,28,44,24,21,37,14,25,28,21,28,45,42,32,11,16,30,12,26,41,24,26,16,33,3,33,11,16,9,37,7,28,24,2,22,45,22,1,32,25,44,13,13,14,13,17,41,18,33,32,30,11,29,33,37,30,29,19,35,40,48,21,17,30,9,41,14,18,1,30,15,4,7,27,25,26,34,32,1,22,35,28,30,3,8,5,27,27,41,6,15,8,26,16,29,2,15,31,13,22,21,31,9,42,32,28,31,1,9,3,22,22,29,22,11,15,17,31,30,1,1,4,1,14,29,14,3,41,21,4,19,20,13,43,2,34,34,30,15,15,14,29,34,26,3,45,7,7,5,8,32,30,5,21,16,25,5,28,28,36,17,38,7,32,7,32,10,24,41,31,20,28,19,6,28,5,23,30,3,44,13,24,17,37,22,33,26,28,29,5,21
Spleen,22,33,19,12,27,32,44,26,34,27,3,8,28,23,20,21,32,3,28,24,7,13,35,25,41,32,6,20,22,18,7,9,13,27,23,26,21,10,20,6,4,27,29,26,45,4,32,16,32,36,3,27,2,30,15,27,36,23,19,25,33,26,32,8,41,4,26,21,7,39,9,11,15,37,29,11,31,41,39,26,40,11,19,38,9,18,28,9,11,15,6,14,48,34,28,4,8,9,23,16,21,24,1,30,20,29,17,34,4,21,22,12,25,30,43,26,4,31,6,31,18,36,27,10,12,5,6,8,30,27,2,32,1,32,21,45,30,19,28,2,30,11,6,23,18,28,9,18,10,27,32,41,7,8,3,21,2,31,39,39,2,5,24,14,17,23,14,28,15,28,35,45,25,45,47,19,8,17,3,4,17,17,25,8,20,14,2,2,24,23,6,7,17,38,15,20,22,24,2,38,37,10,8,32,32,46,8,46,4,45,10,29,30,21,29,29,3,8,11,1,7,10,11,32,16,29,33,22,22,17,39,5,29,22,36,32,43,12,27,4,11,35,20,20,32,21,32,39,41,3,19,4,27,12,17,43,8,24,12,32,46,14,15,7,30,27,7,42,32,15,7,46,2,11,15,4,6,27,10,16,22,4,16,28,13,20,8,26,6,10,33,24,18,17,17,21,29,4,6,16,21,16,15,40,43,21,20,5,1,9,7,11,32,26,6,34,9,35,46,9,8,5,25,31,8,13,27,9,25,44
Vagina,23,13,16,13,13,23,9,11,18,22,10,11,9,18,15,18,18,23,17,8,5,7,8,18,30,18,23,25,16,21,8,13,10,9,14,18,22,9,18,9,14,11,9,19,19,17,26,32,14,7,14,10,17,6,10,17,18,16,12,14,14,9,14,14,8,15,9,12,14,21,11,10,27,16,14,24,17,22,29,13,12,20,18,4,28,9,17,10,7,11,11,10,3,17,30,23,26,15,14,11,15,10,11,8,24,13,5,25,20,15,19,28,12,11,33,12,16,25,16,3,16,28,21,22,17,17,18,23,8,9,17,4,20,12,12,22,16,25,10,17,7,15,9,17,30,11,11,14,12,14,29,19,4,12,12,13,22,6,9,9,22,10,8,12,18,8,9,11,11,9,25,5,26,16,41,17,27,10,11,16,11,4,7,12,38,26,34,11,10,13,13,9,12,23,14,5,15,14,37,35,15,13,17,18,16,19,22,5,14,20,17,17,13,15,7,6,9,9,13,28,10,9,29,15,33,22,21,12,17,8,20,20,2,5,4,9,7,17,12,12,12,5,32,13,8,15,22,22,24,9,17,18,26,6,7,30,7,14,13,26,41,9,18,16,9,26,20,14,18,10,14,15,10,5,25,27,14,19,20,15,9,18,13,16,14,24,16,11,12,19,7,15,35,20,9,9,14,5,8,14,20,26,7,26,14,19,13,11,8,13,11,8,10,10,16,19,8,27,19,20,23,11,21,19,13,21,5,10,7,20
Small_Intestine_Terminal_Ileum,24,22,25,16,30,22,41,25,19,23,14,22,10,13,24,30,23,25,37,19,8,23,26,26,21,31,30,35,29,37,15,23,27,23,34,30,29,5,42,17,17,24,25,31,38,14,4,26,31,35,10,21,18,42,25,24,29,26,28,31,36,20,28,10,40,7,30,22,15,41,10,27,32,32,19,21,32,43,46,29,33,23,30,26,24,19,14,16,25,32,19,4,39,28,40,5,10,26,18,15,19,23,26,25,42,25,21,18,15,7,20,4,29,25,30,28,18,29,27,29,27,38,26,20,24,25,20,34,33,31,14,30,12,14,33,39,36,24,26,15,27,16,21,22,20,32,16,16,20,21,41,37,13,28,9,26,23,22,30,32,8,14,30,28,14,29,22,37,26,30,33,16,42,40,34,25,20,26,15,20,33,28,31,22,26,10,6,27,25,29,16,21,28,40,18,21,27,31,27,25,39,14,15,31,8,17,39,36,9,19,23,23,18,26,25,25,10,11,25,37,13,18,42,26,24,26,34,25,19,26,31,13,30,26,39,31,38,19,32,5,24,25,30,26,14,40,47,43,4,20,26,6,30,25,27,36,18,25,16,33,25,28,10,2,22,32,23,31,6,26,19,37,23,9,32,38,22,42,26,27,28,25,24,24,15,31,26,38,22,41,23,29,45,22,26,37,33,20,13,32,33,19,22,23,34,28,27,12,17,24,23,18,30,29,35,31,28,30,35,27,25,16,38,23,18,23,22,23,28,43
Colon_Transverse,25,29,31,26,29,17,35,20,20,11,24,30,17,19,23,32,22,26,30,21,11,26,20,30,22,14,33,37,28,34,25,29,31,17,37,29,33,8,24,26,30,31,27,27,43,19,2,28,27,37,27,12,22,40,30,26,22,28,29,32,29,18,24,19,38,2,29,28,11,36,28,29,31,15,17,15,27,34,42,28,27,21,28,20,34,21,10,27,29,31,28,3,4,20,39,1,24,27,21,13,22,21,29,21,43,19,25,22,29,19,9,5,30,8,14,31,25,38,17,27,23,40,28,19,30,29,37,31,20,28,19,31,21,16,35,28,35,27,25,29,20,26,30,16,24,35,28,21,25,22,38,34,16,35,21,33,31,25,28,12,21,22,31,22,11,30,13,39,36,26,31,21,45,26,17,27,22,28,22,32,24,26,28,25,9,6,16,30,27,32,28,31,31,36,21,23,29,34,11,36,32,22,23,33,4,8,40,31,20,13,27,22,16,24,18,26,21,25,33,39,21,17,35,22,30,33,35,18,20,28,25,27,26,28,35,25,34,22,31,18,29,19,36,30,24,41,44,41,36,28,25,21,31,28,31,37,23,28,20,34,27,26,12,15,23,29,25,26,5,28,23,32,29,22,39,41,29,33,32,33,30,21,20,17,25,36,32,32,30,38,26,30,40,18,30,26,30,18,22,26,36,23,30,15,25,29,19,20,26,28,30,20,26,30,37,26,27,34,25,31,31,27,33,25,27,27,24,28,24,28
Stomach,26,20,26,18,31,30,11,8,21,37,31,31,24,28,17,31,30,35,46,28,26,32,42,29,8,29,34,39,32,26,26,31,33,12,44,27,34,18,36,32,39,32,36,32,23,18,9,24,24,46,30,26,31,27,22,37,32,21,31,36,45,42,30,31,43,29,34,27,28,31,30,32,35,11,10,28,30,44,45,34,39,10,26,22,2,20,22,29,31,37,31,6,20,41,41,40,32,28,29,20,29,28,32,28,39,27,30,37,27,27,5,27,27,35,28,32,29,43,26,26,30,42,30,29,28,35,42,30,43,32,29,29,34,13,41,25,43,21,29,28,29,41,32,26,26,34,23,34,27,24,46,40,30,19,32,36,33,29,31,19,9,30,34,25,28,36,31,38,40,29,36,27,40,37,23,35,17,33,29,29,21,33,30,30,30,33,21,31,30,36,32,32,32,43,24,28,8,41,22,40,43,20,31,34,10,18,41,24,16,17,33,26,31,30,27,30,24,29,37,42,25,28,46,30,35,35,36,42,31,24,22,31,34,36,40,28,41,24,45,31,34,41,41,28,34,44,43,37,34,26,29,25,46,27,32,46,30,37,30,42,37,31,24,20,28,23,42,7,29,29,24,38,20,12,40,33,31,43,30,26,31,24,36,29,28,41,28,30,33,40,29,27,44,19,31,40,23,22,26,41,40,29,33,4,37,31,26,32,33,32,34,29,31,34,14,24,32,46,26,32,32,32,40,27,30,30,29,31,18,46
Minor_Salivary_Gland,27,24,32,29,28,38,1,6,27,14,28,27,12,9,4,14,16,33,36,10,17,24,28,14,12,36,17,17,24,23,22,26,29,19,42,28,10,14,28,29,22,30,22,24,14,13,45,35,16,31,26,29,29,20,28,29,24,27,30,34,41,36,25,18,33,10,32,20,29,29,29,24,38,24,7,32,26,25,43,32,28,9,11,7,22,17,29,28,27,39,30,5,47,30,26,29,22,22,24,21,30,27,20,22,31,24,23,33,10,12,13,16,18,14,41,21,22,40,31,13,25,37,10,14,21,20,40,38,23,29,25,22,28,8,24,24,13,18,20,21,22,43,25,19,34,19,20,27,14,23,43,31,12,32,26,32,28,24,22,16,10,17,20,27,31,33,33,34,31,15,42,14,37,36,35,31,4,27,23,30,26,22,20,15,45,27,14,29,28,27,29,22,26,42,5,6,26,39,36,34,40,11,29,24,3,28,34,14,23,27,34,24,24,29,19,28,25,26,29,33,17,25,36,25,28,24,30,36,21,10,27,30,22,24,32,19,19,29,28,17,33,24,40,27,15,42,30,13,21,17,28,23,36,13,30,38,29,31,32,19,40,16,11,24,27,22,24,8,28,21,6,25,24,3,33,25,27,36,25,5,20,33,23,31,22,40,25,35,26,31,18,20,46,28,27,33,27,19,19,21,31,20,31,35,31,30,25,25,30,27,25,14,24,27,45,20,22,25,6,28,28,22,41,21,29,24,11,26,23,38
Esophagus_Mucosa,28,28,28,7,6,7,6,14,30,20,29,35,23,29,31,24,27,40,27,6,1,14,29,28,18,22,24,15,10,32,10,27,25,10,39,20,31,4,43,25,24,28,38,20,34,29,30,25,37,19,29,28,28,4,32,32,27,25,25,26,28,17,27,24,34,12,28,8,13,40,17,26,41,33,28,20,13,26,22,24,17,31,39,3,47,14,16,19,13,6,27,7,2,40,19,42,9,30,27,29,28,36,28,33,33,26,9,35,16,39,30,45,23,9,19,29,26,42,13,8,24,39,31,25,27,16,38,11,12,17,11,2,13,2,40,4,5,22,13,23,8,45,28,30,33,17,7,24,4,25,36,26,1,18,24,25,29,28,27,23,25,19,6,20,30,22,11,41,20,25,44,4,32,23,26,32,35,29,24,25,15,1,17,26,42,21,13,15,26,24,25,13,30,35,22,2,30,28,17,45,11,18,16,30,15,22,43,8,8,22,29,31,28,33,22,19,17,10,21,43,14,24,38,10,38,30,15,40,14,3,34,38,1,3,11,12,8,27,16,16,13,1,23,29,25,14,31,46,12,11,21,20,34,10,19,35,27,19,15,40,48,29,23,35,15,33,44,2,9,20,28,34,14,1,35,46,25,44,23,19,17,30,30,8,23,43,14,19,27,33,32,31,17,33,14,2,34,40,5,29,44,32,24,17,20,33,29,6,23,29,29,4,14,25,21,38,26,37,27,35,33,28,44,28,28,33,1,30,12,39
Brain_Cerebellum,29,46,23,32,7,13,12,24,38,24,18,1,2,30,35,23,48,1,6,42,34,30,7,19,13,17,2,3,14,28,16,6,14,39,25,36,17,48,32,28,3,5,4,28,21,33,48,4,25,23,11,18,21,18,7,19,34,32,14,12,17,45,42,11,14,17,11,37,3,42,4,36,9,5,16,8,16,14,12,6,2,27,33,12,7,35,41,5,26,30,26,48,41,9,20,32,7,46,47,45,25,39,17,29,3,48,32,5,18,40,38,1,8,6,23,14,32,6,48,22,7,22,16,4,10,45,2,27,41,19,3,16,48,7,32,10,11,20,31,36,34,3,10,49,15,8,17,31,36,33,3,3,6,2,25,1,5,40,14,46,19,47,23,11,2,20,3,18,5,16,2,23,14,34,13,18,16,6,6,6,3,31,32,48,2,4,3,19,7,12,7,30,29,20,31,34,35,4,7,6,38,15,3,13,27,38,13,23,38,40,15,30,35,22,32,20,13,32,10,10,5,29,10,31,31,1,28,9,3,12,17,2,37,18,19,27,17,33,34,32,4,27,5,9,10,13,38,17,7,5,38,26,2,33,22,5,20,4,2,21,31,32,38,25,24,49,2,46,10,31,31,6,19,6,7,21,21,23,27,34,24,35,46,27,29,13,2,31,21,3,25,11,29,35,8,43,31,34,30,2,2,35,28,20,11,20,35,35,7,3,15,6,18,22,26,47,1,18,16,2,3,30,20,36,2,19,31,4,46,3
Brain_Cerebellar_Hemisphere,30,47,21,33,12,9,4,17,47,18,16,2,5,31,33,16,49,2,5,45,30,31,1,16,4,5,1,1,2,31,28,5,20,38,12,41,23,46,34,22,2,13,1,25,24,34,46,5,23,15,9,19,23,22,8,21,26,30,18,4,9,40,47,6,22,14,7,34,6,35,3,28,4,4,13,4,4,7,5,2,1,29,31,10,5,33,37,3,24,27,16,47,34,5,15,25,5,47,48,46,24,45,22,23,1,49,28,2,13,37,47,2,7,5,9,10,28,2,49,20,5,7,24,11,13,44,1,16,35,6,1,7,49,3,19,6,6,15,30,34,33,4,8,48,13,13,15,25,35,34,6,1,10,1,4,2,6,46,10,47,23,49,9,15,3,12,1,20,3,5,1,13,8,24,11,16,9,4,5,5,2,34,27,49,1,3,5,26,5,8,5,27,27,18,25,31,34,6,23,5,36,24,4,16,24,35,9,16,37,42,16,21,34,20,31,14,12,34,6,4,4,27,6,28,21,2,26,7,2,11,19,3,21,6,1,11,4,31,23,29,2,16,2,7,4,4,33,5,13,2,36,27,1,30,21,4,16,2,8,25,18,30,39,21,26,48,1,47,7,30,29,1,25,8,1,22,8,22,21,25,16,42,48,22,35,6,3,24,10,5,27,14,23,32,7,41,22,35,32,1,1,37,26,11,2,11,34,36,9,6,6,9,19,23,27,48,2,17,14,3,7,29,23,37,3,14,33,6,47,2
Pituitary,31,19,34,30,9,19,40,38,23,34,27,5,4,10,25,12,31,9,12,3,33,22,30,24,20,7,3,16,23,38,13,8,23,32,4,4,18,41,6,27,10,15,28,18,3,2,27,18,9,8,8,22,32,43,1,31,33,24,20,28,25,39,23,22,1,39,25,30,37,4,16,6,22,25,2,26,35,5,27,11,16,28,1,25,8,15,33,26,18,44,21,20,22,16,4,39,27,31,30,8,18,5,15,19,22,31,31,21,21,4,14,8,13,45,21,23,9,26,34,1,1,44,2,23,23,24,3,37,11,12,9,25,40,6,13,23,10,4,33,27,26,5,19,31,11,7,21,20,18,31,28,6,11,10,33,12,19,27,24,14,3,4,16,19,7,26,17,2,24,17,3,36,16,8,39,12,3,25,32,8,6,30,26,17,18,8,4,16,29,4,8,10,21,30,28,33,33,3,13,10,14,9,28,15,7,26,1,22,31,25,5,25,26,19,28,32,31,4,7,24,20,31,9,29,15,17,23,20,1,4,3,1,40,23,26,14,15,42,30,30,14,37,18,11,13,22,26,27,22,12,30,24,12,18,29,41,19,16,11,18,6,4,21,23,32,5,14,18,2,27,8,3,46,36,30,30,18,18,1,4,19,28,38,33,32,17,13,8,20,23,31,12,28,13,11,16,19,37,28,20,11,25,11,47,24,27,22,29,15,10,27,22,25,11,25,10,13,7,31,7,4,26,8,2,25,22,25,25,32,30
Brain_Spinal_cord_cervical_c.1,32,21,27,36,42,26,16,31,31,3,40,29,36,32,21,17,36,36,31,30,32,18,31,36,2,43,15,26,30,41,36,35,42,45,8,32,28,32,21,31,33,29,33,30,47,45,44,15,21,18,31,47,35,8,40,20,25,36,33,29,15,19,26,21,10,37,37,33,41,26,33,33,1,46,35,38,21,15,15,36,32,41,22,1,27,36,36,35,32,8,29,34,28,23,7,34,41,39,32,38,38,44,31,36,23,30,33,15,34,33,32,25,33,38,46,33,33,15,36,34,35,1,36,30,32,28,27,32,24,30,34,35,18,38,38,20,1,41,37,26,32,32,31,24,12,38,35,26,37,35,1,23,34,38,39,15,37,32,26,25,40,37,29,48,42,37,32,14,33,35,22,10,10,30,18,33,47,31,37,38,20,40,34,14,19,16,24,35,31,33,33,36,38,12,38,32,37,42,1,12,5,33,42,38,40,25,30,39,32,28,44,40,38,34,37,27,28,45,14,14,33,32,34,35,34,39,37,13,46,34,40,32,7,14,9,39,24,28,18,33,38,4,1,35,33,3,2,16,28,47,23,41,39,38,34,1,32,32,36,17,2,35,26,32,35,35,34,30,37,33,37,12,16,23,22,7,33,6,33,30,32,32,31,44,20,8,40,20,34,45,17,21,16,30,35,31,32,42,40,40,27,21,36,13,40,35,30,4,34,37,31,37,39,38,10,22,34,28,2,33,39,20,42,32,38,31,41,34,36,31
Muscle_Skeletal,33,35,33,27,33,2,42,35,26,28,32,37,31,35,47,48,14,48,47,39,36,46,11,40,14,30,48,48,42,17,39,38,22,2,45,21,9,44,23,49,44,9,14,38,48,46,35,45,26,3,49,36,42,44,49,36,1,38,35,7,40,44,37,48,48,22,41,18,26,5,48,35,48,2,30,5,23,35,10,31,44,34,42,47,48,39,2,39,47,10,33,49,35,39,12,47,2,34,33,49,35,46,36,37,40,1,22,8,36,45,35,44,37,48,5,27,43,49,22,39,44,46,44,46,40,43,47,7,32,37,27,1,22,48,47,21,46,48,3,49,14,10,42,28,48,31,22,36,44,36,4,44,38,29,42,35,35,18,46,35,39,48,27,21,21,25,20,48,43,10,49,25,4,19,1,26,43,30,4,35,47,18,29,47,27,43,40,34,33,35,31,5,25,41,48,40,1,1,18,1,47,46,36,21,20,43,48,47,34,47,24,37,36,48,47,31,40,40,46,48,36,41,2,1,48,34,2,43,4,49,37,48,4,45,44,49,22,49,26,49,41,45,49,31,30,36,8,38,47,38,35,36,38,44,23,34,41,34,46,45,22,44,34,36,49,31,12,32,49,32,47,45,26,49,23,26,41,39,42,37,36,26,42,10,26,10,12,46,32,29,41,26,19,49,24,6,24,24,47,22,42,15,47,21,7,47,21,49,39,38,40,48,12,33,47,46,37,1,1,45,37,34,46,30,34,29,30,35,45,1
Kidney_Cortex,34,34,42,38,36,8,45,34,22,39,34,36,39,38,34,45,34,30,44,31,31,44,40,34,3,23,32,9,34,29,32,34,38,35,40,38,48,39,25,30,47,49,47,36,35,38,17,21,48,45,42,32,36,46,37,46,45,35,34,46,46,37,33,43,44,32,35,36,34,30,43,45,46,42,46,35,46,47,44,47,45,33,45,14,37,37,24,44,34,48,35,8,37,48,46,44,38,25,42,43,32,30,42,35,45,33,39,44,37,41,1,37,35,12,27,42,31,44,32,38,47,43,33,38,33,23,44,20,46,45,46,43,9,17,44,17,32,39,38,44,36,25,35,34,43,46,39,38,33,26,47,43,46,43,31,48,34,36,43,30,34,28,48,34,37,40,37,44,46,36,30,31,46,46,31,42,14,39,40,46,12,36,35,27,40,46,15,32,36,37,38,34,39,46,35,35,38,47,43,39,42,30,32,44,28,6,42,27,27,31,38,32,32,31,30,47,33,30,41,44,48,35,48,37,42,45,40,45,35,37,29,42,46,43,47,35,47,23,47,35,40,43,44,41,31,46,42,42,17,41,32,32,47,37,37,40,40,46,37,47,42,34,35,33,46,34,40,25,3,37,34,26,28,10,46,39,43,41,41,38,44,29,37,36,47,46,44,33,40,36,45,34,38,34,40,27,36,45,31,45,47,30,41,45,44,46,44,43,35,35,44,32,36,41,34,37,36,47,47,42,41,36,43,34,45,37,32,42,14,47
Liver,35,18,49,49,40,5,43,49,37,35,36,45,33,37,29,29,28,41,48,49,35,48,46,15,37,47,49,42,46,30,31,40,37,44,41,48,42,42,47,48,48,48,49,48,17,39,1,49,47,49,47,35,34,16,38,48,49,42,44,47,48,47,31,49,45,46,47,35,40,38,47,42,33,38,32,36,47,48,47,46,46,18,47,48,17,31,5,37,43,45,36,15,38,26,47,49,37,36,46,47,33,47,43,34,44,36,34,47,33,47,15,35,1,4,40,48,38,47,35,43,45,45,38,40,39,14,45,6,48,49,31,36,10,10,43,47,48,14,36,40,46,1,36,35,41,48,47,47,13,45,49,47,49,49,46,38,42,48,47,41,32,26,40,23,38,38,34,49,48,27,47,34,30,48,44,36,39,45,34,49,32,37,36,43,48,48,11,41,41,46,36,33,35,48,34,36,36,46,3,41,46,35,49,46,13,47,47,44,33,18,8,35,22,27,34,48,47,2,43,49,40,39,41,36,47,49,46,46,48,38,12,44,48,33,45,37,44,45,48,34,45,47,46,45,36,47,35,48,2,34,49,30,49,46,41,45,48,45,27,2,5,39,32,1,2,11,11,45,1,36,30,48,49,7,49,3,35,49,37,32,41,48,21,38,33,29,24,40,38,49,46,48,42,45,45,30,48,26,41,49,43,8,40,6,36,36,49,46,43,44,35,33,48,48,8,43,38,44,48,49,49,33,47,8,46,39,36,38,42,40
Heart_Atrial_Appendage,36,32,41,31,35,6,46,29,17,44,38,41,37,33,43,44,25,45,40,34,38,45,32,12,31,3,45,47,45,36,37,45,36,4,46,43,35,40,22,35,45,35,43,45,7,31,21,41,33,29,40,25,33,45,42,30,28,43,38,43,39,43,21,44,42,34,40,32,36,27,36,31,29,9,37,43,42,42,31,39,31,37,38,41,45,34,8,41,45,47,34,19,10,45,23,43,36,13,13,18,34,20,38,20,46,14,35,43,48,46,36,47,34,47,13,37,34,45,19,32,39,47,34,42,35,37,46,40,39,40,47,34,39,31,46,40,41,35,32,38,35,40,39,18,45,44,38,30,34,12,13,27,41,36,38,43,47,16,44,29,38,35,42,38,34,34,35,33,38,39,37,37,28,32,5,28,38,46,36,28,43,29,38,33,47,44,44,38,39,40,42,35,34,44,33,37,18,40,10,3,41,37,40,35,2,29,37,11,36,23,37,34,29,23,24,33,36,39,45,45,47,34,4,33,27,40,11,44,11,39,21,41,45,46,43,38,42,46,42,45,46,44,47,33,37,43,36,36,45,48,34,37,41,41,39,39,35,44,48,44,43,41,33,38,38,30,13,22,47,35,36,40,38,48,45,28,42,40,46,39,43,14,27,34,36,44,43,45,43,34,40,38,41,44,44,8,40,44,38,19,46,31,45,46,41,43,32,47,48,43,45,43,37,35,46,25,44,4,36,46,42,39,26,35,44,35,35,36,33,27
Brain_Cortex,37,38,43,41,32,39,10,43,39,40,33,26,35,40,46,43,47,6,3,46,44,41,39,41,15,42,9,4,33,39,38,33,34,33,28,33,37,30,44,41,28,34,23,41,20,35,29,1,39,39,38,34,38,35,33,40,42,33,37,33,35,29,36,35,13,26,27,45,32,28,32,47,17,17,39,33,34,33,11,33,35,39,27,34,36,45,40,32,38,18,46,40,24,36,27,10,35,45,34,37,36,34,34,48,5,39,48,28,35,31,44,18,39,17,11,35,42,3,44,35,33,32,35,31,34,36,5,36,44,39,39,37,45,22,20,14,24,29,40,45,39,19,38,47,4,30,36,43,42,42,12,9,20,33,40,29,30,33,40,40,36,36,38,32,25,35,38,4,16,41,5,7,12,31,8,39,34,35,39,34,35,39,40,46,4,22,20,36,35,39,35,40,40,16,39,46,40,8,29,14,7,36,33,25,33,39,4,30,45,41,35,38,41,39,48,39,35,37,31,17,35,40,21,42,13,23,31,35,7,32,33,33,43,34,38,36,35,32,40,39,32,38,8,36,41,35,39,7,8,36,41,38,9,43,35,9,38,26,29,15,23,36,48,44,33,46,10,41,16,45,40,14,32,17,17,18,34,37,31,43,37,39,41,37,40,25,18,43,35,2,44,33,14,36,34,45,39,25,33,9,17,45,27,27,33,32,42,27,27,30,36,35,33,32,32,30,33,36,21,22,27,45,22,40,32,40,38,32,37,22
Brain_Frontal_Cortex_BA9,38,45,39,40,34,31,2,36,45,30,35,32,40,42,39,34,44,8,2,44,37,40,25,37,1,11,5,2,27,40,40,36,35,30,21,34,41,22,40,39,23,37,21,35,22,36,25,2,35,30,41,38,40,38,36,43,37,31,36,16,18,5,41,30,19,24,22,42,35,12,34,41,7,14,34,16,28,11,4,22,34,38,17,24,30,38,35,31,33,13,40,38,7,24,11,3,33,42,36,40,37,38,35,44,2,43,40,4,38,17,46,22,38,13,1,34,37,1,45,33,31,13,37,32,36,32,4,24,38,34,36,33,44,18,5,5,9,17,39,46,37,13,41,44,2,23,34,40,38,38,16,4,28,30,14,34,32,35,29,37,37,46,32,36,29,32,30,3,12,33,4,3,6,20,3,41,32,34,35,33,37,42,37,45,3,15,25,39,34,31,34,39,41,9,36,44,39,13,28,13,2,38,34,27,31,36,2,20,42,33,36,33,42,37,45,37,37,38,27,9,34,37,15,39,8,25,29,21,5,33,30,36,27,21,14,21,9,30,20,36,23,18,4,37,38,6,34,1,14,35,39,39,3,39,36,3,33,9,34,20,13,33,42,41,34,42,4,39,12,40,39,4,40,24,5,16,32,29,13,35,34,36,44,35,42,14,17,27,31,4,43,32,4,29,33,35,35,30,34,4,3,38,29,16,18,25,37,31,32,33,33,36,34,31,23,28,35,31,24,26,29,41,29,45,36,36,39,33,35,6
Pancreas,39,23,36,35,47,47,49,48,41,38,37,49,34,34,5,46,35,46,49,37,43,47,48,46,34,48,47,46,48,33,33,37,39,31,49,39,49,49,45,37,46,41,46,49,13,32,24,48,30,47,37,39,39,48,48,49,46,34,49,48,47,49,49,46,47,43,42,31,43,48,49,25,47,36,20,49,44,49,49,48,47,36,25,46,1,32,47,42,46,34,38,9,42,47,48,48,49,32,43,48,41,43,46,39,47,34,37,48,39,43,4,39,31,39,49,36,48,48,37,37,36,48,32,41,42,49,48,49,47,46,40,44,47,11,45,18,49,7,34,41,11,46,34,36,31,33,45,48,28,30,48,46,40,44,49,45,49,45,45,28,28,32,46,43,48,46,48,47,45,44,45,40,49,47,48,46,33,47,38,48,45,38,33,36,44,45,17,37,38,49,44,37,37,47,32,30,4,49,46,46,48,34,48,48,17,45,45,42,35,32,48,39,37,45,33,45,38,48,47,46,26,36,49,41,43,46,49,47,47,36,38,16,49,49,48,44,48,47,49,41,49,48,43,42,35,49,48,45,15,32,48,34,48,23,43,48,34,48,45,46,47,49,30,34,39,18,49,19,8,34,33,47,48,31,48,31,44,48,38,31,33,6,49,43,41,48,48,48,49,47,48,47,48,40,48,48,25,39,46,48,49,43,48,2,48,48,48,44,42,42,47,34,42,49,41,33,40,48,41,47,48,37,45,33,49,34,40,37,21,48
Brain_Nucleus_accumbens_basal_ganglia,40,41,37,42,38,36,18,45,46,46,42,34,38,39,38,22,41,31,22,36,46,39,34,38,11,19,31,10,36,44,41,42,43,36,11,31,46,35,38,42,18,38,30,34,32,42,31,7,36,28,39,42,43,33,34,34,39,39,40,35,26,30,34,33,12,40,33,43,39,23,39,30,44,35,40,39,36,9,14,35,26,42,37,32,29,42,39,34,37,16,41,25,6,33,44,17,39,33,39,36,46,33,40,43,12,46,41,24,40,29,43,32,40,19,8,39,41,16,38,40,38,23,39,34,38,41,12,43,27,33,32,39,35,21,8,2,23,26,41,30,40,21,43,45,1,39,40,41,39,39,27,20,31,42,35,28,36,34,33,33,41,33,36,39,32,39,41,13,30,42,8,11,19,21,10,38,37,37,46,36,18,41,43,42,10,35,23,42,42,38,39,41,44,19,41,38,43,20,33,23,16,40,37,40,26,40,15,34,44,30,40,42,40,42,42,41,41,35,34,15,39,44,40,47,9,36,39,29,16,46,42,28,35,38,25,40,18,37,37,42,30,20,12,39,42,32,37,10,9,40,44,43,29,40,33,13,37,36,35,16,21,38,41,43,37,40,29,34,23,43,41,17,36,25,28,17,36,26,36,40,38,47,28,39,48,26,33,29,44,37,38,36,10,43,36,38,38,31,43,33,25,42,35,36,3,38,36,33,37,36,38,40,38,37,24,42,39,39,29,34,34,42,5,41,35,38,42,39,26,29
Heart_Left_Ventricle,41,30,48,34,37,3,47,32,29,48,41,48,41,36,48,47,33,49,45,47,48,49,41,33,24,2,46,49,47,25,35,49,40,1,47,47,36,43,27,44,49,46,45,47,16,40,16,46,45,44,48,30,37,47,47,41,30,49,46,42,44,46,29,47,46,38,48,39,30,18,46,37,36,1,48,48,49,46,34,43,43,40,48,44,46,41,4,48,49,46,45,26,21,49,31,46,19,29,28,5,40,41,45,31,48,18,38,46,49,48,45,48,48,49,4,45,49,46,23,44,48,49,41,47,44,47,49,21,37,47,48,38,46,34,48,41,45,47,35,47,44,48,45,25,47,45,33,33,40,32,17,35,45,37,44,47,48,15,48,44,43,43,47,31,19,28,29,42,47,37,46,47,7,38,2,34,44,48,42,43,46,25,41,40,49,47,47,45,48,48,45,38,36,45,43,48,32,33,12,2,44,48,39,36,1,44,44,29,39,44,32,36,33,36,36,46,43,42,48,47,49,45,7,34,40,44,14,48,12,48,26,47,47,47,46,47,46,48,46,48,48,46,48,34,45,45,45,40,43,49,47,42,43,49,48,49,42,49,49,48,45,48,36,47,47,36,5,38,48,41,49,44,47,47,47,48,49,45,48,48,49,23,33,30,43,47,35,47,48,44,47,46,47,47,41,1,47,47,49,31,45,40,49,48,42,49,47,48,49,48,49,49,41,42,48,44,49,2,40,48,47,47,28,39,48,47,37,43,43,33
Brain_Caudate_basal_ganglia,42,36,40,44,44,37,15,41,44,43,39,38,43,41,40,26,38,37,32,38,45,36,38,39,17,35,36,24,38,46,45,41,45,37,38,37,40,37,33,40,29,40,35,37,36,44,33,3,38,32,35,41,44,34,39,33,40,40,42,38,31,28,43,38,23,45,39,44,42,33,38,39,40,39,41,40,38,23,26,40,29,45,40,27,32,44,38,38,40,20,43,24,12,35,43,12,40,35,38,28,44,29,41,41,13,41,43,39,41,25,41,36,41,23,22,40,40,18,39,42,43,10,43,39,41,46,23,45,36,35,37,41,36,26,9,9,31,38,42,19,42,39,44,41,3,41,43,39,43,40,35,25,36,40,41,37,39,37,34,34,44,39,39,42,41,41,42,31,35,46,9,12,35,33,22,40,42,38,48,31,25,43,44,37,11,39,22,40,40,42,43,44,43,34,44,41,48,21,19,24,22,39,41,39,35,32,24,35,40,26,43,43,39,38,39,38,42,41,39,18,42,38,44,48,11,41,43,32,23,45,44,35,39,40,33,42,32,34,38,40,37,30,11,38,43,37,27,11,10,42,43,45,33,47,38,14,39,38,38,8,35,40,43,42,40,39,26,36,33,42,43,30,35,13,36,15,39,25,40,41,42,45,29,42,38,28,41,39,41,43,35,39,32,42,39,46,41,33,45,34,30,44,38,39,8,40,38,16,40,41,39,41,43,40,30,41,43,41,15,36,36,43,19,42,37,42,44,40,27,36
Brain_Hypothalamus,43,43,38,39,39,35,20,46,36,36,45,40,42,43,36,35,39,32,25,35,39,37,36,43,5,33,25,6,39,43,42,44,44,48,10,35,44,38,26,34,26,39,37,44,31,37,43,12,40,34,34,37,41,41,35,42,38,41,41,37,34,33,40,37,9,41,38,40,44,24,35,38,25,43,38,42,39,19,28,38,30,43,32,23,33,40,44,40,35,35,37,29,16,31,35,24,42,40,37,23,39,42,39,38,14,42,36,20,43,35,40,30,45,15,24,38,39,27,47,36,34,9,40,36,45,31,17,41,28,36,38,40,33,27,31,3,7,30,43,43,38,14,37,38,7,37,41,37,41,37,25,16,44,41,37,39,41,43,32,31,42,34,35,41,39,43,40,16,34,38,10,33,21,27,15,37,36,36,41,42,16,46,39,35,12,32,19,43,37,34,37,43,42,17,40,43,47,38,16,21,3,42,43,43,38,30,6,37,47,35,41,44,48,40,38,35,44,36,26,22,41,42,28,38,19,37,41,23,29,42,32,37,32,35,17,33,23,41,35,38,36,28,9,40,40,9,23,12,30,37,37,40,28,36,40,12,36,39,41,27,12,37,40,39,36,37,36,28,15,39,38,21,44,34,37,10,37,28,29,36,35,43,40,41,46,34,37,22,36,11,36,45,27,31,37,42,37,41,35,36,9,41,34,31,39,37,39,23,38,40,37,38,40,39,19,29,41,33,17,37,35,40,34,43,40,41,43,41,38,17
Brain_Substantia_nigra,44,37,35,43,43,33,31,37,33,32,48,47,44,44,37,41,37,43,35,33,40,33,45,47,10,40,42,23,41,45,43,47,48,47,33,42,38,45,29,36,37,36,40,39,42,43,36,20,41,33,36,44,45,31,43,38,35,45,43,40,30,38,38,40,15,44,46,41,47,37,41,40,26,45,43,47,40,24,32,41,42,46,41,13,44,43,43,46,41,43,39,30,29,43,33,35,45,41,35,32,43,37,37,40,27,40,42,40,42,42,37,41,44,34,39,43,36,37,40,45,40,2,42,35,49,30,30,44,31,42,42,45,26,35,42,16,12,43,44,37,41,24,40,37,10,40,44,35,46,41,26,24,48,48,43,40,43,41,37,36,47,41,37,44,44,44,44,32,41,43,20,35,33,35,6,43,46,41,44,45,31,47,42,34,28,38,33,44,43,44,46,46,46,29,45,39,45,45,4,20,6,41,47,41,48,27,29,40,43,34,42,45,44,41,40,36,39,49,35,34,43,43,37,43,29,43,45,26,43,44,43,46,31,39,29,41,40,35,33,37,47,17,7,43,39,17,21,32,29,44,31,46,45,35,45,15,43,42,47,31,9,43,37,37,44,41,37,35,38,44,42,33,37,27,38,5,48,24,45,42,39,38,34,45,39,33,42,25,37,28,28,37,26,37,42,36,42,43,39,44,39,36,46,42,47,42,40,8,44,46,41,44,45,47,22,40,45,38,5,39,43,38,35,38,47,43,46,47,34,37
Brain_Putamen_basal_ganglia,45,42,44,48,46,44,26,47,43,47,46,43,48,48,41,37,43,44,42,41,49,43,47,44,23,45,44,33,44,49,48,48,49,41,43,44,43,47,46,47,38,45,42,42,40,49,41,8,46,41,44,46,49,39,46,35,47,47,47,44,43,41,45,42,35,48,44,49,48,43,45,44,45,44,47,45,43,29,38,45,37,48,46,31,40,49,46,47,48,36,48,33,23,42,45,21,46,38,40,41,49,35,48,42,21,45,47,45,44,30,39,42,46,33,38,47,45,32,41,48,46,5,48,45,47,48,36,48,45,38,43,48,41,28,34,15,37,44,47,24,49,49,49,40,5,47,49,46,47,47,37,33,43,47,48,44,44,39,42,45,48,44,45,46,47,48,46,43,44,48,12,18,41,43,25,47,45,43,49,39,39,45,48,38,14,42,30,46,47,47,49,49,47,39,46,47,49,32,14,29,30,43,44,47,43,31,36,41,48,37,46,47,45,44,43,44,46,44,44,32,46,49,47,49,14,47,48,37,37,47,47,39,44,44,42,48,39,39,44,47,44,36,13,48,48,39,29,25,11,43,46,49,44,48,42,24,46,43,42,11,44,45,45,46,45,43,43,43,40,48,46,43,41,14,42,20,47,31,47,49,47,44,32,48,37,38,47,44,47,46,39,44,43,46,47,47,46,38,48,43,41,48,44,44,28,45,45,9,46,47,46,45,46,46,42,45,48,45,12,41,44,49,27,46,39,48,47,46,30,45
Brain_Anterior_cingulate_cortex_BA24,46,44,47,45,41,40,13,40,42,41,43,39,45,46,45,40,46,28,19,48,41,38,37,42,9,26,22,5,37,42,44,39,41,40,24,40,47,24,39,45,36,43,31,40,29,41,28,6,42,38,45,40,47,36,41,47,41,37,39,39,37,12,39,36,29,35,36,48,38,22,37,46,16,34,42,37,37,13,6,37,38,44,36,39,35,48,42,36,39,29,47,36,18,37,36,13,43,43,44,30,42,31,47,47,6,38,46,27,45,32,48,31,42,16,12,41,44,5,43,41,37,30,45,37,37,38,16,39,42,41,45,42,43,24,16,7,20,36,46,48,43,20,46,46,6,36,42,44,45,43,31,13,37,39,36,41,38,38,36,43,45,42,41,40,40,42,43,10,32,40,6,6,20,28,7,45,41,40,43,40,34,44,45,44,5,29,35,48,45,41,41,45,45,15,42,49,41,36,35,16,4,44,38,37,29,37,12,38,46,36,39,41,46,47,46,43,48,43,38,21,38,48,31,44,12,31,38,30,10,35,41,40,33,37,28,34,29,38,36,43,35,32,14,44,46,18,41,14,18,39,42,44,21,34,44,19,44,35,40,30,29,42,47,48,41,44,22,40,17,49,45,18,42,20,29,12,40,38,34,44,40,41,39,40,49,27,39,34,39,6,42,35,13,38,38,34,43,32,37,11,14,47,37,28,38,34,41,38,36,39,42,42,35,36,29,35,42,40,33,38,38,48,31,47,41,44,45,45,41,19
Whole_Blood,47,49,29,37,49,49,48,42,48,49,44,33,49,49,49,49,40,47,43,32,23,35,49,48,49,49,10,32,49,15,49,32,32,43,48,49,16,23,49,38,43,47,48,1,49,23,49,47,49,48,32,49,16,49,26,45,48,48,32,49,49,48,48,45,49,49,49,38,49,49,44,49,49,48,49,41,48,45,48,49,49,4,49,49,49,23,49,49,36,49,49,13,49,29,49,2,44,48,49,14,47,49,4,49,49,47,49,49,30,49,34,49,49,42,48,49,3,36,2,49,49,34,49,49,46,1,41,42,49,48,41,49,6,45,49,48,47,49,49,1,47,37,33,43,19,49,37,49,8,49,34,49,5,27,34,49,40,47,49,49,35,38,49,49,49,49,49,46,49,49,48,49,48,49,49,44,28,49,27,3,49,27,49,23,46,49,9,17,49,25,40,42,24,49,11,27,42,48,45,49,49,49,35,49,44,49,49,48,29,49,49,49,49,49,49,49,34,6,49,2,37,33,20,40,41,48,42,49,49,41,48,49,41,48,49,46,49,18,5,3,39,49,45,49,49,48,49,49,48,29,10,31,40,45,49,47,49,47,39,49,49,11,49,49,48,38,48,48,31,38,35,49,8,4,44,49,38,46,49,45,48,49,19,49,18,49,49,49,45,7,49,49,49,48,49,49,49,48,1,47,48,33,43,49,49,16,33,39,47,34,32,39,49,44,49,49,31,49,49,43,40,35,49,49,31,49,34,49,49,49
Brain_Hippocampus,48,40,46,46,48,45,30,44,35,42,47,44,46,45,44,42,45,38,34,43,42,42,43,45,7,46,39,22,40,48,46,43,46,42,36,45,39,36,37,43,40,44,41,46,37,47,39,13,43,40,43,45,46,37,45,39,44,46,48,41,42,35,46,41,36,47,43,47,46,44,40,48,37,49,45,44,45,30,36,44,36,47,44,29,38,46,48,43,42,40,44,37,32,38,34,27,47,44,41,34,45,40,44,45,17,44,45,42,47,44,42,43,43,32,45,44,46,34,46,46,41,4,47,44,48,42,34,47,40,43,44,46,38,29,37,13,28,46,45,39,48,47,47,39,9,43,46,45,48,44,33,28,42,45,47,42,46,44,38,42,46,45,43,45,46,47,45,35,42,47,15,9,44,42,21,49,48,42,45,41,41,49,46,41,8,40,36,47,44,43,48,47,48,33,49,45,46,43,8,26,20,45,46,42,23,33,26,43,49,39,47,48,47,46,44,42,45,47,42,36,45,46,39,46,26,42,47,27,27,40,45,43,38,41,37,45,37,44,39,44,42,29,10,46,44,33,25,34,16,46,45,48,42,42,46,25,45,40,44,22,36,46,46,40,43,45,46,44,22,46,44,42,45,30,41,9,46,34,43,47,46,37,43,47,34,35,46,41,42,13,34,43,39,41,43,44,45,36,44,39,32,49,39,41,46,41,46,7,41,45,43,46,47,45,31,36,46,42,7,40,45,44,39,48,42,45,48,44,39,41
Brain_Amygdala,49,39,45,47,45,43,24,39,40,45,49,46,47,47,42,39,42,39,39,40,47,34,44,49,19,39,41,19,43,47,47,46,47,46,35,46,45,33,41,46,41,42,39,43,39,48,38,11,44,42,46,43,48,32,44,44,43,44,45,45,38,21,44,39,32,42,45,46,45,34,42,43,34,47,44,46,41,21,23,42,41,49,43,33,42,47,45,45,44,41,42,35,25,44,42,28,48,37,45,27,48,32,49,46,7,37,44,41,46,38,49,46,47,26,34,46,47,23,42,47,42,3,46,48,43,40,39,46,34,44,49,47,42,30,22,8,22,45,48,42,45,34,48,42,8,42,48,42,49,46,39,29,47,46,45,46,45,42,35,38,49,40,44,47,45,45,47,36,39,45,16,22,39,39,9,48,49,44,47,37,38,48,47,39,7,36,37,49,46,45,47,48,49,22,47,42,44,44,21,22,13,47,45,45,34,34,32,45,41,29,45,46,43,43,41,40,49,46,40,31,44,47,43,45,22,38,44,31,39,43,46,45,36,42,34,43,36,43,41,46,43,33,16,47,47,29,24,30,20,45,40,47,35,31,47,28,47,41,43,29,34,47,44,45,42,47,47,37,26,47,48,36,39,18,43,8,45,35,44,46,45,46,35,46,44,30,45,36,46,14,37,41,33,39,46,39,44,29,42,28,37,46,42,34,45,44,43,17,45,49,48,47,44,43,28,39,47,43,18,44,46,46,32,44,43,46,49,48,44,35
